{
  "default": {
    "paths":[
      "src/tests/features"
    ],
    "dry-run": false,
    "formatOptions": {
      "colorsEnabled": true,
      "snippetInterface": "async-await"
    },
    "require": [
      "src/tests/steps/**/*.ts",
      "src/tests/support/**/*.ts"
    ],
    "requireModule": [
      "ts-node/register"
    ],
    "format": [
      "progress-bar",
      "pretty",
      "json:cucumber-report/cucumber-report.json",
      "html:cucumber-report/cucumber-raw.html"
    ]
  }
}
