[
  {
    "description": "  As a user\n  I want to access a product's details\n  So I know if I really want to purchase it or not",
    "elements": [
      {
        "description": "",
        "id": "view-a-product's-details;fail-to-add-a-product-to-cart-when-not-selecting-size-and-color",
        "keyword": "Scenario",
        "line": 6,
        "name": "Fail to add a product to cart when not selecting size and color",
        "steps": [
          {
            "keyword": "Before",
            "hidden": true,
            "result": {
              "status": "passed",
              "duration": 5365734199
            }
          },
          {
            "arguments": [],
            "keyword": "When ",
            "line": 7,
            "name": "I search for a product with the keyword \"shirt\"",
            "match": {
              "location": "src\\tests\\steps\\search.ts:8"
            },
            "result": {
              "status": "passed",
              "duration": 8015234000
            }
          },
          {
            "arguments": [],
            "keyword": "And ",
            "line": 8,
            "name": "I view the 1nth product details",
            "match": {
              "location": "src\\tests\\steps\\details.ts:15"
            },
            "result": {
              "status": "passed",
              "duration": 8492394100
            }
          },
          {
            "arguments": [],
            "keyword": "And ",
            "line": 9,
            "name": "I click the \"Add to Cart\" button from the details page",
            "match": {
              "location": "src\\tests\\steps\\details.ts:31"
            },
            "result": {
              "status": "passed",
              "duration": 540838899
            }
          },
          {
            "arguments": [],
            "keyword": "Then ",
            "line": 10,
            "name": "I should see 2 error messages indicating that some fields are required",
            "match": {
              "location": "src\\tests\\steps\\details.ts:36"
            },
            "result": {
              "status": "passed",
              "duration": 11795299
            }
          },
          {
            "keyword": "After",
            "hidden": true,
            "result": {
              "status": "passed",
              "duration": 7860400
            }
          }
        ],
        "tags": [],
        "type": "scenario"
      },
      {
        "description": "",
        "id": "view-a-product's-details;add-product-to-cart-after-selecting-size-and-color",
        "keyword": "Scenario",
        "line": 12,
        "name": "Add product to cart after selecting size and color",
        "steps": [
          {
            "keyword": "Before",
            "hidden": true,
            "result": {
              "status": "passed",
              "duration": 4653026900
            }
          },
          {
            "arguments": [],
            "keyword": "When ",
            "line": 13,
            "name": "I search for a product with the keyword \"shirt\"",
            "match": {
              "location": "src\\tests\\steps\\search.ts:8"
            },
            "result": {
              "status": "passed",
              "duration": 7831048999
            }
          },
          {
            "arguments": [],
            "keyword": "And ",
            "line": 14,
            "name": "I view the 1nth product details",
            "match": {
              "location": "src\\tests\\steps\\details.ts:15"
            },
            "result": {
              "status": "passed",
              "duration": 7884101000
            }
          },
          {
            "arguments": [],
            "keyword": "And ",
            "line": 15,
            "name": "I select the size XS and color Indigo from the details page",
            "match": {
              "location": "src\\tests\\steps\\details.ts:52"
            },
            "result": {
              "status": "passed",
              "duration": 1086148300
            }
          },
          {
            "arguments": [],
            "keyword": "And ",
            "line": 16,
            "name": "I click the \"Add to Cart\" button from the details page",
            "match": {
              "location": "src\\tests\\steps\\details.ts:31"
            },
            "result": {
              "status": "passed",
              "duration": 19349607499
            }
          },
          {
            "arguments": [],
            "keyword": "Then ",
            "line": 17,
            "name": "The cart should contain the product",
            "match": {
              "location": "src\\tests\\steps\\details.ts:60"
            },
            "result": {
              "status": "passed",
              "duration": 47818400
            }
          },
          {
            "arguments": [],
            "keyword": "And ",
            "line": 18,
            "name": "The cart columns should fit to their content",
            "match": {
              "location": "src\\tests\\steps\\details.ts:100"
            },
            "result": {
              "status": "failed",
              "duration": 19272200,
              "error_message": "Error: \u001b[2mexpect(\u001b[22m\u001b[31mreceived\u001b[39m\u001b[2m).\u001b[22mtoBeTruthy\u001b[2m()\u001b[22m\n\nReceived: \u001b[31mfalse\u001b[39m\n    at Proxy.<anonymous> (C:\\Users\\aerap\\Desktop\\ATST\\lab1\\node_modules\\playwright\\lib\\matchers\\expect.js:221:24)\n    at World.<anonymous> (C:\\Users\\aerap\\Desktop\\ATST\\lab1\\src\\tests\\steps\\details.ts:102:54)"
            }
          },
          {
            "keyword": "After",
            "hidden": true,
            "result": {
              "status": "passed",
              "duration": 5298299
            }
          }
        ],
        "tags": [],
        "type": "scenario"
      },
      {
        "description": "",
        "id": "view-a-product's-details;zoom-in-a-product's-picture",
        "keyword": "Scenario",
        "line": 20,
        "name": "Zoom in a product's picture",
        "steps": [
          {
            "keyword": "Before",
            "hidden": true,
            "result": {
              "status": "passed",
              "duration": 4902529599
            }
          },
          {
            "arguments": [],
            "keyword": "When ",
            "line": 21,
            "name": "I search for a product with the keyword \"shirt\"",
            "match": {
              "location": "src\\tests\\steps\\search.ts:8"
            },
            "result": {
              "status": "passed",
              "duration": 7605338199
            }
          },
          {
            "arguments": [],
            "keyword": "And ",
            "line": 22,
            "name": "I view the 1nth product details",
            "match": {
              "location": "src\\tests\\steps\\details.ts:15"
            },
            "result": {
              "status": "passed",
              "duration": 8277664699
            }
          },
          {
            "arguments": [],
            "keyword": "Then ",
            "line": 23,
            "name": "I should be able to zoom in the product's picture",
            "match": {
              "location": "src\\tests\\steps\\details.ts:26"
            },
            "result": {
              "status": "passed",
              "duration": 898968999
            }
          },
          {
            "keyword": "After",
            "hidden": true,
            "result": {
              "status": "passed",
              "duration": 5379299
            }
          }
        ],
        "tags": [],
        "type": "scenario"
      },
      {
        "description": "",
        "id": "view-a-product's-details;view-images-of-a-product-in-thumbnail-gallery",
        "keyword": "Scenario",
        "line": 25,
        "name": "View images of a product in thumbnail gallery",
        "steps": [
          {
            "keyword": "Before",
            "hidden": true,
            "result": {
              "status": "passed",
              "duration": 4759868000
            }
          },
          {
            "arguments": [],
            "keyword": "When ",
            "line": 26,
            "name": "I search for a product with the keyword \"shirt\"",
            "match": {
              "location": "src\\tests\\steps\\search.ts:8"
            },
            "result": {
              "status": "passed",
              "duration": 7685674100
            }
          },
          {
            "arguments": [],
            "keyword": "And ",
            "line": 27,
            "name": "I view the 1nth product details",
            "match": {
              "location": "src\\tests\\steps\\details.ts:15"
            },
            "result": {
              "status": "passed",
              "duration": 8285457099
            }
          },
          {
            "arguments": [],
            "keyword": "Then ",
            "line": 28,
            "name": "I should be able to view images of the product in the thumbnail gallery",
            "match": {
              "location": "src\\tests\\steps\\details.ts:78"
            },
            "result": {
              "status": "failed",
              "duration": 29690199,
              "error_message": "Error: \u001b[2mexpect(\u001b[22m\u001b[31mreceived\u001b[39m\u001b[2m).\u001b[22mtoBe\u001b[2m(\u001b[22m\u001b[32mexpected\u001b[39m\u001b[2m) // Object.is equality\u001b[22m\n\nExpected: \u001b[32m\"http://qa1.dev.evozon.com/media/catalog/product/cache/1/image/1800x/040ec09b1e35df139433887a97daa66f/m/t/mtk012t.jpg\"\u001b[39m\nReceived: \u001b[31m\"\"\u001b[39m\n    at Proxy.<anonymous> (C:\\Users\\aerap\\Desktop\\ATST\\lab1\\node_modules\\playwright\\lib\\matchers\\expect.js:221:24)\n    at World.<anonymous> (C:\\Users\\aerap\\Desktop\\ATST\\lab1\\src\\tests\\steps\\details.ts:84:37)"
            }
          },
          {
            "keyword": "After",
            "hidden": true,
            "result": {
              "status": "passed",
              "duration": 5260399
            }
          }
        ],
        "tags": [],
        "type": "scenario"
      },
      {
        "description": "",
        "id": "view-a-product's-details;view-complete-information-of-a-product",
        "keyword": "Scenario",
        "line": 30,
        "name": "View complete information of a product",
        "steps": [
          {
            "keyword": "Before",
            "hidden": true,
            "result": {
              "status": "passed",
              "duration": 4744929799
            }
          },
          {
            "arguments": [],
            "keyword": "When ",
            "line": 31,
            "name": "I search for a product with the keyword \"shirt\"",
            "match": {
              "location": "src\\tests\\steps\\search.ts:8"
            },
            "result": {
              "status": "passed",
              "duration": 8508168799
            }
          },
          {
            "arguments": [],
            "keyword": "And ",
            "line": 32,
            "name": "I view the 1nth product details",
            "match": {
              "location": "src\\tests\\steps\\details.ts:15"
            },
            "result": {
              "status": "failed",
              "duration": 12874800,
              "error_message": "Error: Product index 1 is out of bounds. There are only 0 products.\n    at World.<anonymous> (C:\\Users\\aerap\\Desktop\\ATST\\lab1\\src\\tests\\steps\\details.ts:19:11)"
            }
          },
          {
            "arguments": [],
            "keyword": "And ",
            "line": 33,
            "name": "I click the 1nth image from the thumbnail gallery",
            "match": {
              "location": "src\\tests\\steps\\details.ts:88"
            },
            "result": {
              "status": "skipped",
              "duration": 0
            }
          },
          {
            "arguments": [],
            "keyword": "Then ",
            "line": 34,
            "name": "I should see the 1nth image in the main image viewer",
            "match": {
              "location": "src\\tests\\steps\\details.ts:93"
            },
            "result": {
              "status": "skipped",
              "duration": 0
            }
          },
          {
            "keyword": "After",
            "hidden": true,
            "result": {
              "status": "passed",
              "duration": 4398200
            }
          }
        ],
        "tags": [],
        "type": "scenario"
      }
    ],
    "id": "view-a-product's-details",
    "line": 1,
    "keyword": "Feature",
    "name": "View a product's details",
    "tags": [],
    "uri": "src\\tests\\features\\details.feature"
  },
  {
    "description": "  As a customer\n  I want to log in to my account\n  So that I can access my personal information and order history",
    "elements": [
      {
        "description": "",
        "id": "login;successful-login-with-valid-credentials",
        "keyword": "Scenario",
        "line": 6,
        "name": "Successful login with valid credentials",
        "steps": [
          {
            "keyword": "Before",
            "hidden": true,
            "result": {
              "status": "passed",
              "duration": 5540388800
            }
          },
          {
            "arguments": [],
            "keyword": "When ",
            "line": 7,
            "name": "I navigate to the login page",
            "match": {
              "location": "src\\tests\\steps\\login.ts:12"
            },
            "result": {
              "status": "passed",
              "duration": 4276150699
            }
          },
          {
            "arguments": [],
            "keyword": "And ",
            "line": 8,
            "name": "I enter valid credentials",
            "match": {
              "location": "src\\tests\\steps\\login.ts:17"
            },
            "result": {
              "status": "passed",
              "duration": 16393960100
            }
          },
          {
            "arguments": [],
            "keyword": "Then ",
            "line": 9,
            "name": "I should be redirected to my account dashboard",
            "match": {
              "location": "src\\tests\\steps\\login.ts:21"
            },
            "result": {
              "status": "passed",
              "duration": 19363199
            }
          },
          {
            "keyword": "After",
            "hidden": true,
            "result": {
              "status": "passed",
              "duration": 3796300
            }
          }
        ],
        "tags": [],
        "type": "scenario"
      },
      {
        "description": "",
        "id": "login;unsuccessful-login-with-invalid-credentials",
        "keyword": "Scenario",
        "line": 11,
        "name": "Unsuccessful login with invalid credentials",
        "steps": [
          {
            "keyword": "Before",
            "hidden": true,
            "result": {
              "status": "passed",
              "duration": 5259267200
            }
          },
          {
            "arguments": [],
            "keyword": "When ",
            "line": 12,
            "name": "I navigate to the login page",
            "match": {
              "location": "src\\tests\\steps\\login.ts:12"
            },
            "result": {
              "status": "passed",
              "duration": 3996857100
            }
          },
          {
            "arguments": [],
            "keyword": "And ",
            "line": 13,
            "name": "I enter invalid credentials",
            "match": {
              "location": "src\\tests\\steps\\login.ts:26"
            },
            "result": {
              "status": "passed",
              "duration": 4558536600
            }
          },
          {
            "arguments": [],
            "keyword": "Then ",
            "line": 14,
            "name": "I should see an error message indicating invalid login",
            "match": {
              "location": "src\\tests\\steps\\login.ts:30"
            },
            "result": {
              "status": "passed",
              "duration": 18774399
            }
          },
          {
            "keyword": "After",
            "hidden": true,
            "result": {
              "status": "passed",
              "duration": 5466899
            }
          }
        ],
        "tags": [],
        "type": "scenario"
      }
    ],
    "id": "login",
    "line": 1,
    "keyword": "Feature",
    "name": "Login",
    "tags": [],
    "uri": "src\\tests\\features\\login.feature"
  },
  {
    "description": "  As a new user\n  I want to register an account\n  So that I can access member-only features",
    "elements": [
      {
        "description": "",
        "id": "register;successful-registration-with-valid-details",
        "keyword": "Scenario Outline",
        "line": 15,
        "name": "Successful registration with valid details",
        "steps": [
          {
            "keyword": "Before",
            "hidden": true,
            "result": {
              "status": "passed",
              "duration": 4415573000
            }
          },
          {
            "arguments": [],
            "keyword": "When ",
            "line": 7,
            "name": "I navigate to the registration page",
            "match": {
              "location": "src\\tests\\steps\\register.ts:12"
            },
            "result": {
              "status": "passed",
              "duration": 4447213099
            }
          },
          {
            "arguments": [
              {
                "rows": [
                  {
                    "cells": [
                      "firstName",
                      "lastName",
                      "email",
                      "password",
                      "confirmation"
                    ]
                  },
                  {
                    "cells": [
                      "test-7",
                      "test-7",
                      "test-7@test.com",
                      "test-7",
                      "test-7"
                    ]
                  }
                ]
              }
            ],
            "keyword": "And ",
            "line": 8,
            "name": "I fill in the registration form with the following valid details:",
            "match": {
              "location": "src\\tests\\steps\\register.ts:16"
            },
            "result": {
              "status": "passed",
              "duration": 20221293199
            }
          },
          {
            "arguments": [],
            "keyword": "Then ",
            "line": 11,
            "name": "I should see a register confirmation message",
            "match": {
              "location": "src\\tests\\steps\\register.ts:22"
            },
            "result": {
              "status": "passed",
              "duration": 41814899
            }
          },
          {
            "keyword": "After",
            "hidden": true,
            "result": {
              "status": "passed",
              "duration": 3852500
            }
          }
        ],
        "tags": [],
        "type": "scenario"
      },
      {
        "description": "",
        "id": "register;successful-registration-with-valid-details",
        "keyword": "Scenario Outline",
        "line": 16,
        "name": "Successful registration with valid details",
        "steps": [
          {
            "keyword": "Before",
            "hidden": true,
            "result": {
              "status": "passed",
              "duration": 5642529999
            }
          },
          {
            "arguments": [],
            "keyword": "When ",
            "line": 7,
            "name": "I navigate to the registration page",
            "match": {
              "location": "src\\tests\\steps\\register.ts:12"
            },
            "result": {
              "status": "passed",
              "duration": 4189242800
            }
          },
          {
            "arguments": [
              {
                "rows": [
                  {
                    "cells": [
                      "firstName",
                      "lastName",
                      "email",
                      "password",
                      "confirmation"
                    ]
                  },
                  {
                    "cells": [
                      "test-8",
                      "test-8",
                      "test-8@test.com",
                      "test-8",
                      "test-8"
                    ]
                  }
                ]
              }
            ],
            "keyword": "And ",
            "line": 8,
            "name": "I fill in the registration form with the following valid details:",
            "match": {
              "location": "src\\tests\\steps\\register.ts:16"
            },
            "result": {
              "status": "passed",
              "duration": 20169995499
            }
          },
          {
            "arguments": [],
            "keyword": "Then ",
            "line": 11,
            "name": "I should see a register confirmation message",
            "match": {
              "location": "src\\tests\\steps\\register.ts:22"
            },
            "result": {
              "status": "passed",
              "duration": 22166999
            }
          },
          {
            "keyword": "After",
            "hidden": true,
            "result": {
              "status": "passed",
              "duration": 4078500
            }
          }
        ],
        "tags": [],
        "type": "scenario"
      }
    ],
    "id": "register",
    "line": 1,
    "keyword": "Feature",
    "name": "Register",
    "tags": [],
    "uri": "src\\tests\\features\\register.feature"
  },
  {
    "description": "  As a user\n  I want to search for products\n  So that I can find items I want to purchase",
    "elements": [
      {
        "description": "",
        "id": "search-a-product;successful-product-search-with-valid-keywords",
        "keyword": "Scenario Outline",
        "line": 12,
        "name": "Successful product search with valid keywords",
        "steps": [
          {
            "keyword": "Before",
            "hidden": true,
            "result": {
              "status": "passed",
              "duration": 5116851599
            }
          },
          {
            "arguments": [],
            "keyword": "When ",
            "line": 7,
            "name": "I search for a product with the keyword \"shirt\"",
            "match": {
              "location": "src\\tests\\steps\\search.ts:8"
            },
            "result": {
              "status": "passed",
              "duration": 7933899200
            }
          },
          {
            "arguments": [],
            "keyword": "Then ",
            "line": 8,
            "name": "I should see 4 search results related to \"shirt\"",
            "match": {
              "location": "src\\tests\\steps\\search.ts:12"
            },
            "result": {
              "status": "passed",
              "duration": 18107400
            }
          },
          {
            "keyword": "After",
            "hidden": true,
            "result": {
              "status": "passed",
              "duration": 4775200
            }
          }
        ],
        "tags": [],
        "type": "scenario"
      },
      {
        "description": "",
        "id": "search-a-product;successful-product-search-with-valid-keywords",
        "keyword": "Scenario Outline",
        "line": 13,
        "name": "Successful product search with valid keywords",
        "steps": [
          {
            "keyword": "Before",
            "hidden": true,
            "result": {
              "status": "passed",
              "duration": 4794217600
            }
          },
          {
            "arguments": [],
            "keyword": "When ",
            "line": 7,
            "name": "I search for a product with the keyword \"dress\"",
            "match": {
              "location": "src\\tests\\steps\\search.ts:8"
            },
            "result": {
              "status": "passed",
              "duration": 8271685199
            }
          },
          {
            "arguments": [],
            "keyword": "Then ",
            "line": 8,
            "name": "I should see 7 search results related to \"dress\"",
            "match": {
              "location": "src\\tests\\steps\\search.ts:12"
            },
            "result": {
              "status": "passed",
              "duration": 18142800
            }
          },
          {
            "keyword": "After",
            "hidden": true,
            "result": {
              "status": "passed",
              "duration": 5229699
            }
          }
        ],
        "tags": [],
        "type": "scenario"
      },
      {
        "description": "",
        "id": "search-a-product;search-results-contain-expected-products-in-sorted-order",
        "keyword": "Scenario",
        "line": 15,
        "name": "Search results contain expected products in sorted order",
        "steps": [
          {
            "keyword": "Before",
            "hidden": true,
            "result": {
              "status": "passed",
              "duration": 5062539900
            }
          },
          {
            "arguments": [],
            "keyword": "When ",
            "line": 16,
            "name": "I search for a product with the keyword \"shirt\"",
            "match": {
              "location": "src\\tests\\steps\\search.ts:8"
            },
            "result": {
              "status": "passed",
              "duration": 8183828900
            }
          },
          {
            "arguments": [],
            "keyword": "And ",
            "line": 17,
            "name": "I sort the search results by name",
            "match": {
              "location": "src\\tests\\steps\\search.ts:18"
            },
            "result": {
              "status": "passed",
              "duration": 6878715900
            }
          },
          {
            "arguments": [
              {
                "rows": [
                  {
                    "cells": [
                      "name",
                      "price",
                      "oldPrice",
                      "rating",
                      "colors"
                    ]
                  },
                  {
                    "cells": [
                      "Core Striped Sport Shirt",
                      "$125.00",
                      "",
                      "100%",
                      "indigo"
                    ]
                  },
                  {
                    "cells": [
                      "French Cuff Cotton Twill Oxford",
                      "$190.00",
                      "",
                      "",
                      "white"
                    ]
                  },
                  {
                    "cells": [
                      "Plaid Cotton Shirt",
                      "$160.00",
                      "",
                      "",
                      "royal blue, charcoal, khaki, red"
                    ]
                  },
                  {
                    "cells": [
                      "Slim fit Dobby Oxford Shirt",
                      "$140.00",
                      "$175.00",
                      "",
                      "blue"
                    ]
                  }
                ]
              }
            ],
            "keyword": "Then ",
            "line": 18,
            "name": "I should see the following products in search results:",
            "match": {
              "location": "src\\tests\\steps\\search.ts:23"
            },
            "result": {
              "status": "passed",
              "duration": 108560500
            }
          },
          {
            "keyword": "After",
            "hidden": true,
            "result": {
              "status": "passed",
              "duration": 4998300
            }
          }
        ],
        "tags": [],
        "type": "scenario"
      },
      {
        "description": "",
        "id": "search-a-product;filter-search-results",
        "keyword": "Scenario",
        "line": 25,
        "name": "Filter search results",
        "steps": [
          {
            "keyword": "Before",
            "hidden": true,
            "result": {
              "status": "passed",
              "duration": 5252714600
            }
          },
          {
            "arguments": [],
            "keyword": "When ",
            "line": 26,
            "name": "I enter the \"Men\" category and choose the \"Shirts\" subcategory",
            "match": {
              "location": "src\\tests\\steps\\search.ts:40"
            },
            "result": {
              "status": "passed",
              "duration": 7892962400
            }
          },
          {
            "arguments": [],
            "keyword": "And ",
            "line": 27,
            "name": "I apply the price range filter \"$140.00 - $149.99\"",
            "match": {
              "location": "src\\tests\\steps\\search.ts:44"
            },
            "result": {
              "status": "passed",
              "duration": 6217155999
            }
          },
          {
            "arguments": [
              {
                "rows": [
                  {
                    "cells": [
                      "name",
                      "price",
                      "oldPrice",
                      "rating",
                      "colors"
                    ]
                  },
                  {
                    "cells": [
                      "Slim fit Dobby Oxford Shirt",
                      "$140.00",
                      "$175.00",
                      "",
                      "blue"
                    ]
                  }
                ]
              }
            ],
            "keyword": "Then ",
            "line": 28,
            "name": "I should see the following products in search results:",
            "match": {
              "location": "src\\tests\\steps\\search.ts:23"
            },
            "result": {
              "status": "passed",
              "duration": 32249599
            }
          },
          {
            "keyword": "After",
            "hidden": true,
            "result": {
              "status": "passed",
              "duration": 4698700
            }
          }
        ],
        "tags": [],
        "type": "scenario"
      }
    ],
    "id": "search-a-product",
    "line": 1,
    "keyword": "Feature",
    "name": "Search a product",
    "tags": [],
    "uri": "src\\tests\\features\\search.feature"
  }
]